date,sales,price,inventory,is_weekend,promotion_text
2024-01-01,135.35648853722435,87.45401188473625,212,0,满200减30
2024-01-02,178.23669898618581,145.07143064099162,286,0,全场8折
2024-01-03,166.2633644941469,123.1993941811405,906,0,限时秒杀
2024-01-04,123.79115629804707,109.86584841970367,843,0,新品上市
2024-01-05,95.94173189315308,65.60186404424365,326,0,满200减30
2024-01-06,126.62378288508259,65.59945203362027,409,1,无活动
2024-01-07,175.03971478719058,55.80836121681995,197,1,全场8折
2024-01-08,163.06375794461795,136.6176145774935,154,0,满200减30
2024-01-09,107.0441789588472,110.11150117432088,722,0,无活动
2024-01-10,142.34046493044502,120.80725777960456,763,0,满200减30
2024-01-11,169.23023872508907,52.05844942958024,857,0,新品上市
2024-01-12,118.13398860013997,146.99098521619942,505,0,新品上市
2024-01-13,133.92920983720035,133.24426408004217,168,1,新品上市
2024-01-14,129.14424655782386,71.23391106782762,411,1,全场8折
2024-01-15,85.91369585233738,68.18249672071006,388,0,新品上市
2024-01-16,112.56879924733815,68.34045098534338,861,0,无活动
2024-01-17,150.32877279731275,80.42422429595376,647,0,满200减30
2024-01-18,163.2950855841941,102.4756431632238,850,0,限时秒杀
2024-01-19,121.51188294181833,93.19450186421157,247,0,无活动
2024-01-20,148.77923255094174,79.1229140198042,566,1,无活动
2024-01-21,158.2023335319473,111.18528947223794,838,1,新品上市
2024-01-22,145.72793763516012,63.94938606520418,343,0,全场8折
2024-01-23,181.39275602538424,79.21446485352182,590,0,满200减30
2024-01-24,154.15333280781115,86.63618432936917,948,0,全场8折
2024-01-25,137.75253378713728,95.6069984217036,606,0,满200减30
2024-01-26,169.06322918224262,128.51759613930136,464,0,满200减30
2024-01-27,167.39480253500614,69.96737821583598,581,1,全场8折
2024-01-28,133.19881784161115,101.42344384136116,300,1,无活动
2024-01-29,190.47575100846015,109.24145688620425,253,0,满200减30
2024-01-30,166.00447548640994,54.64504127199977,549,0,全场8折
2024-01-31,194.76381245989364,110.75448519014384,600,0,满200减30
2024-02-01,206.473839097532,67.05241236872915,172,0,限时秒杀
2024-02-02,114.94207903597291,56.50515929852795,812,0,无活动
2024-02-03,152.2650174078378,144.88855372533334,395,1,新品上市
2024-02-04,131.90331791950203,146.56320330745592,116,1,满200减30
2024-02-05,198.56126606592255,130.8397348116461,740,0,限时秒杀
2024-02-06,172.87076684362643,80.46137691733708,316,0,新品上市
2024-02-07,163.02337402243575,59.76721140063839,160,0,新品上市
2024-02-08,173.03266095233553,118.42330265121569,715,0,满200减30
2024-02-09,179.76953670861468,94.01524937396013,141,0,全场8折
2024-02-10,165.5984115625226,62.20382348447788,124,1,满200减30
2024-02-11,230.88717479518647,99.51769101112703,138,1,限时秒杀
2024-02-12,164.93020587324386,53.43885211152184,902,0,新品上市
2024-02-13,124.79034990115092,140.9320402078782,230,0,满200减30
2024-02-14,183.76915257315963,75.8779981600017,597,0,全场8折
2024-02-15,181.576796439484,116.2522284353982,328,0,满200减30
2024-02-16,137.29908370488099,81.1711076089411,207,0,无活动
2024-02-17,215.93898252711705,102.00680211778108,271,1,全场8折
2024-02-18,206.51229581837399,104.67102793432797,534,1,限时秒杀
2024-02-19,183.1019186241111,68.4854455525527,577,0,新品上市
2024-02-20,154.35015370238062,146.95846277645586,201,0,满200减30
2024-02-21,179.3740035945811,127.51328233611146,965,0,全场8折
2024-02-22,135.4652509332114,143.9498941564189,623,0,无活动
2024-02-23,189.95518399441647,139.4827350427649,374,0,全场8折
2024-02-24,146.53813307889806,109.78999788110852,712,1,无活动
2024-02-25,262.4246576987356,142.18742350231167,143,1,限时秒杀
2024-02-26,149.25850640542183,58.84925020519195,916,0,新品上市
2024-02-27,258.04274511578444,69.59828624191452,116,0,限时秒杀
2024-02-28,186.4022360648226,54.52272889105381,429,0,满200减30
2024-02-29,171.4316897928,82.53303307632643,668,0,全场8折
2024-03-01,130.8113658613628,88.8677289689482,922,0,无活动
2024-03-02,158.96372935529232,77.13490317738959,596,1,无活动
2024-03-03,199.5243184709622,132.87375091519294,914,1,全场8折
2024-03-04,184.22098251173605,85.67533266935894,111,0,全场8折
2024-03-05,154.2333716504358,78.09345096873807,417,0,满200减30
2024-03-06,226.11804766812085,104.26960831582485,691,0,限时秒杀
2024-03-07,179.97259326305686,64.09242249747626,315,0,无活动
2024-03-08,178.05165120025598,130.21969807540398,438,0,满200减30
2024-03-09,231.50517557695898,57.45506436797708,875,1,限时秒杀
2024-03-10,158.89731846970486,148.68869366005174,760,1,满200减30
2024-03-11,143.1219072440556,127.22447692966574,180,0,无活动
2024-03-12,177.79893170961725,69.87156815341724,826,0,全场8折
2024-03-13,197.89121908084618,50.55221171236024,584,0,全场8折
2024-03-14,177.81003419142678,131.54614284548342,473,0,限时秒杀
2024-03-15,190.71205365467654,120.68573438476172,809,0,新品上市
2024-03-16,255.18111841896626,122.90071680409874,299,1,限时秒杀
2024-03-17,154.39967713927064,127.12703466859458,636,1,新品上市
2024-03-18,191.37465205332427,57.40446517340904,565,0,满200减30
2024-03-19,188.16978842788996,85.84657285442725,188,0,满200减30
2024-03-20,147.2964017292262,61.58690595251297,367,0,无活动
2024-03-21,213.01843513766698,136.31034258755935,754,0,新品上市
2024-03-22,166.04865347774933,112.3298126827558,670,0,无活动
2024-03-23,164.84645305511805,83.08980248526493,588,1,全场8折
2024-03-24,170.866704002513,56.355835028602364,976,1,新品上市
2024-03-25,253.6716138429765,81.09823217156622,637,0,限时秒杀
2024-03-26,223.44719111841204,82.51833220267471,146,0,全场8折
2024-03-27,195.42871956531235,122.96061783380641,387,0,全场8折
2024-03-28,261.8939359383155,113.75574713552132,877,0,限时秒杀
2024-03-29,213.81297012886395,138.72127425763267,115,0,全场8折
2024-03-30,193.99842922122636,97.22149251619493,810,1,新品上市
2024-03-31,174.61719162384014,61.95942459383017,500,1,无活动
2024-04-01,230.63087199937402,121.3244787222995,893,0,全场8折
2024-04-02,161.22977458290725,126.07850486168974,185,0,新品上市
2024-04-03,180.35309846539428,106.12771975694963,349,0,满200减30
2024-04-04,185.36681600863042,127.0967179954561,490,0,新品上市
2024-04-05,184.93600510361026,99.37955963643907,881,0,无活动
2024-04-06,176.17876377359903,102.2732829381994,434,1,新品上市
2024-04-07,241.45971376840734,92.75410183585495,728,1,限时秒杀
2024-04-08,129.34704850147722,52.54191267440952,618,0,无活动
2024-04-09,198.12619713775914,60.78914269933044,236,0,满200减30
2024-04-10,237.60179294719947,53.14291856867342,982,0,限时秒杀
2024-04-11,161.47804564888645,113.64104112637804,787,0,新品上市
2024-04-12,138.08101020084604,81.43559810763267,939,0,无活动
2024-04-13,176.76856800727325,100.85706911647029,597,1,满200减30
2024-04-14,272.7497006078265,140.7566473926093,926,1,限时秒杀
2024-04-15,202.93325395975546,74.92922291488749,826,0,满200减30
2024-04-16,186.02039059852393,91.03829230356297,576,0,新品上市
2024-04-17,216.3700517664184,125.55511385430486,693,0,满200减30
2024-04-18,220.06157016321674,72.87981654916224,322,0,全场8折
2024-04-19,245.08792103762676,57.6979909828793,471,0,限时秒杀
2024-04-20,202.569018099585,78.9751452913768,501,1,满200减30
2024-04-21,179.10247665617848,66.12212872540044,542,1,新品上市
2024-04-22,190.1318595203913,142.9697652342573,589,0,新品上市
2024-04-23,169.94080193077846,130.8120379564417,714,0,满200减30
2024-04-24,203.06677566535666,113.34037565104234,372,0,新品上市
2024-04-25,190.3497183764468,137.14605901877178,625,0,无活动
2024-04-26,168.637290130294,130.36720768991145,258,0,无活动
2024-04-27,160.03175130173713,68.65700588860358,251,1,无活动
2024-04-28,233.06234824829838,139.25589984899779,719,1,全场8折
2024-04-29,154.068520317785,103.93422419156508,287,0,满200减30
2024-04-30,240.55021043801872,130.74401551640625,912,0,全场8折
2024-05-01,176.18703810237952,139.60912999234932,197,0,新品上市
2024-05-02,207.98780459395985,81.80034749718638,230,0,全场8折
2024-05-03,176.66858242211472,61.00519245276767,904,0,新品上市
2024-05-04,177.65270673280978,72.79351625419417,270,1,新品上市
2024-05-05,213.8481514416335,92.71077886262563,282,1,限时秒杀
2024-05-06,147.94390649583212,131.80147659224932,463,0,无活动
2024-05-07,170.78530125012716,136.07305832563435,138,0,新品上市
2024-05-08,255.0867328858879,50.69521305311907,626,0,限时秒杀
2024-05-09,120.70523313875908,101.07473025775657,987,0,无活动
2024-05-10,158.66292049087554,91.7411003148779,596,0,新品上市
2024-05-11,202.68290378050642,72.21078104707303,615,1,新品上市
2024-05-12,214.85364696778583,61.98653673336828,448,1,全场8折
2024-05-13,192.96327806920303,83.7615171403628,496,0,全场8折
2024-05-14,170.44485661554012,144.2909703912519,821,0,无活动
2024-05-15,169.1212990525557,82.32029320207553,260,0,新品上市
2024-05-16,157.76364501181638,101.87906217433661,115,0,满200减30
2024-05-17,199.88663420893306,120.30189588951778,592,0,全场8折
2024-05-18,138.1026692294233,86.3629602379294,525,1,无活动
2024-05-19,159.4734339079278,147.17820827209607,207,1,新品上市
2024-05-20,196.185831209195,146.24472949421113,993,0,新品上市
2024-05-21,154.05864830332425,75.17822958253642,549,0,满200减30
2024-05-22,173.40747008779022,99.72485058923854,410,0,无活动
2024-05-23,167.65602612448194,80.08783098167697,838,0,新品上市
2024-05-24,188.99387531048293,78.48404943774676,269,0,全场8折
2024-05-25,138.63091161315728,53.68869473545328,645,1,满200减30
2024-05-26,140.37761326883393,110.95643339798968,513,1,无活动
2024-05-27,172.88748192248428,100.26790232288616,350,0,满200减30
2024-05-28,205.29541820051966,55.14787512499893,858,0,全场8折
2024-05-29,145.22769956855657,77.86464642366114,880,0,无活动
2024-05-30,173.29184316582544,140.82658859666537,240,0,满200减30
2024-05-31,225.81447049349538,73.95618906669725,373,0,限时秒杀
2024-06-01,191.20123779718685,64.4894872091223,515,1,全场8折
2024-06-02,182.19235948295972,98.94527602775631,707,1,全场8折
2024-06-03,180.42818335048278,148.56504541106005,838,0,全场8折
2024-06-04,199.14088817753748,74.20552715115004,990,0,限时秒杀
2024-06-05,262.6861510252048,117.21355474058785,138,0,限时秒杀
2024-06-06,132.67425443874896,126.16196153287176,913,0,新品上市
2024-06-07,146.51475095120796,73.76375439923997,128,0,满200减30
2024-06-08,164.22027171911853,122.82163486118596,576,1,新品上市
2024-06-09,146.06368163081416,86.77831327192533,417,1,满200减30
2024-06-10,244.96586037623155,113.23058305935794,344,0,限时秒杀
2024-06-11,207.45048758142815,113.35297107608946,847,0,限时秒杀
2024-06-12,144.89332293325862,103.57746840747585,796,0,新品上市
2024-06-13,161.1509128019564,59.02897700544083,371,0,无活动
2024-06-14,132.23053077657212,133.5302495589238,539,0,新品上市
2024-06-15,174.54964589821896,82.07800649717359,847,1,满200减30
2024-06-16,147.7201177024046,68.65185103998542,338,1,新品上市
2024-06-17,166.7640435190924,54.07751415547639,476,0,全场8折
2024-06-18,185.92497713739482,109.08929431882419,365,0,满200减30
2024-06-19,175.01800420416248,117.75643618422824,458,0,满200减30
2024-06-20,124.14342403013097,51.65878289278562,439,0,无活动
2024-06-21,235.66985890309894,101.2093058299281,488,0,限时秒杀
2024-06-22,153.64985891602396,72.6495775197938,676,1,满200减30
2024-06-23,199.04732564287798,114.51727904094498,788,1,限时秒杀
2024-06-24,139.89277215473055,67.43664290049915,102,0,新品上市
2024-06-25,181.43981925783532,119.09377381024659,528,0,全场8折
2024-06-26,105.18242755364767,88.67353463005374,241,0,无活动
2024-06-27,186.58979730183583,143.67299887367346,475,0,限时秒杀
2024-06-28,181.89371083818284,63.75209441459933,769,0,满200减30
2024-06-29,190.7553099158106,84.10663510502584,423,1,限时秒杀
2024-06-30,147.7819773313816,61.34735212405891,245,1,满200减30
2024-07-01,192.10021065779077,142.4693618278563,392,0,限时秒杀
2024-07-02,153.21238349094008,137.7339353380981,764,0,满200减30
2024-07-03,122.6653432369894,75.79416277151556,531,0,新品上市
2024-07-04,140.44764205076427,115.99840460341791,804,0,满200减30
2024-07-05,141.50844248839758,131.7222200201216,684,0,满200减30
2024-07-06,150.11395186868225,105.52008115994623,498,1,全场8折
2024-07-07,154.0213246520771,102.96505783560065,916,1,满200减30
2024-07-08,143.67844965883853,74.18522909004517,988,0,全场8折
2024-07-09,82.42673041098148,59.31027678058992,443,0,无活动
2024-07-10,162.98510168769616,139.72157579533268,239,0,全场8折
2024-07-11,130.70638398031343,140.04180571633304,286,0,新品上市
2024-07-12,135.66330434146266,113.31014572732678,904,0,全场8折
2024-07-13,132.27526999246288,83.90297910487007,160,1,无活动
2024-07-14,140.19731985442837,84.92095746126608,479,1,新品上市
2024-07-15,212.66485551750517,122.59556788702393,809,0,限时秒杀
2024-07-16,159.8141224028572,139.71102599525773,906,0,限时秒杀
2024-07-17,118.63862910245898,138.70864242651174,539,0,全场8折
2024-07-18,152.93295391043364,127.98755458576238,418,0,全场8折
2024-07-19,151.47932202479484,114.20316461542878,401,0,无活动
2024-07-20,109.97986017945593,58.41399649950488,443,1,无活动
2024-07-21,149.68451360370125,66.16287140946137,110,1,满200减30
2024-07-22,93.19047410178938,139.85541885270794,161,0,无活动
2024-07-23,133.80391998796188,110.64290596595899,944,0,满200减30
2024-07-24,130.8454416839143,50.91970516166297,325,0,新品上市
2024-07-25,140.73802241007382,60.14715428660321,252,0,全场8折
2024-07-26,131.77676241373638,116.35017691080559,810,0,新品上市
2024-07-27,75.84282125416523,50.50615838462187,663,1,无活动
2024-07-28,89.19920378581301,66.08080514174986,871,1,新品上市
2024-07-29,106.48725565787888,104.87337893665861,670,0,新品上市
2024-07-30,73.79906573263847,119.18951976926932,683,0,新品上市
2024-07-31,121.88870911583643,115.19612595026005,759,0,无活动
2024-08-01,91.25516152670876,72.42693094605598,960,0,新品上市
2024-08-02,142.93140219380206,121.2179221347536,674,0,满200减30
2024-08-03,102.7223597642417,73.72490874968001,409,1,无活动
2024-08-04,139.45832392029976,82.53996981592678,984,1,新品上市
2024-08-05,81.07390131983315,124.64914051180241,342,0,无活动
2024-08-06,194.50789697585816,114.96328990472146,592,0,限时秒杀
2024-08-07,129.3964059156595,134.9223410494178,465,0,满200减30
2024-08-08,88.31826327706156,115.76128923003434,429,0,新品上市
2024-08-09,164.62111315992297,106.83086033354716,206,0,限时秒杀
2024-08-10,194.93452723325467,59.36747678280925,325,1,限时秒杀
2024-08-11,69.94177199169988,86.77158030594336,924,1,无活动
2024-08-12,138.8235309834449,76.52023676817254,317,0,限时秒杀
2024-08-13,114.33410661670335,74.39896433790835,852,0,满200减30
2024-08-14,134.64897562372272,147.30105547524454,605,0,满200减30
2024-08-15,110.83662978963052,89.30977246667604,358,0,全场8折
2024-08-16,134.01418158267907,139.20465551771133,987,0,满200减30
2024-08-17,151.61098813592292,113.11386259972629,873,1,限时秒杀
2024-08-18,129.93279438777788,129.48113035416486,616,1,满200减30
2024-08-19,62.74344579721879,100.2637093105192,872,0,无活动
2024-08-20,190.08985324841137,107.69038846263591,153,0,全场8折
2024-08-21,155.56570983133568,99.25176938188639,146,0,限时秒杀
2024-08-22,120.50982800390926,69.52429877980445,826,0,全场8折
2024-08-23,168.817394090998,122.24521152615053,788,0,限时秒杀
2024-08-24,75.44866015957356,78.07723624408558,620,1,无活动
2024-08-25,122.21178787414318,52.43159664314538,198,1,全场8折
2024-08-26,107.24199308197,114.54722959071678,119,0,新品上市
2024-08-27,155.02800975741502,67.7110679407049,989,0,限时秒杀
2024-08-28,63.05076662142075,144.04585843529145,852,0,新品上市
2024-08-29,99.1089215247936,145.39285770025873,672,0,全场8折
2024-08-30,89.1791761880977,141.48643902204486,990,0,新品上市
2024-08-31,131.1816883475812,87.01587002554444,589,1,新品上市
2024-09-01,123.70138228263906,51.54566165288674,518,1,全场8折
2024-09-02,93.08624925068642,142.83185625877252,789,0,无活动
2024-09-03,91.54842089515724,92.81841483173143,949,0,新品上市
2024-09-04,138.39990913607124,146.66548190436697,161,0,新品上市
2024-09-05,90.5341629051703,146.3619977089253,244,0,无活动
2024-09-06,45.017585570779495,135.300945546736,315,0,新品上市
2024-09-07,78.68619765794507,79.44488920695856,102,1,新品上市
2024-09-08,112.30333925600479,88.50977286019253,259,1,新品上市
2024-09-09,117.64161602377837,135.1136671516857,838,0,满200减30
2024-09-10,60.16886269060506,81.69220051562777,880,0,无活动
2024-09-11,98.85438309561101,66.94927466860925,219,0,新品上市
2024-09-12,73.06009056587264,105.68012624583501,992,0,无活动
2024-09-13,123.59306880061274,143.61547741607808,188,0,限时秒杀
2024-09-14,149.03894900749123,119.6029796674973,428,1,限时秒杀
2024-09-15,98.48522991400813,107.0061170089365,679,1,新品上市
2024-09-16,82.09359477325583,59.71764937707685,456,0,无活动
2024-09-17,87.91822570966627,111.50072266991697,709,0,无活动
2024-09-18,63.04539429530285,149.00538501042632,366,0,无活动
2024-09-19,91.98026859544564,64.0084015236524,716,0,满200减30
2024-09-20,140.58029147757213,101.83296523637367,422,0,限时秒杀
2024-09-21,67.82162917759341,137.73730719279553,734,1,无活动
2024-09-22,81.6313452612439,124.07686177542044,640,1,无活动
2024-09-23,108.47619774085747,119.7015740995268,748,0,满200减30
2024-09-24,140.60399410213464,120.24840839871092,294,0,满200减30
2024-09-25,88.20263450654599,85.94911512197552,837,0,无活动
2024-09-26,128.68774455002546,79.35918442644933,431,0,全场8折
2024-09-27,65.94725929270413,130.93611554785136,269,0,无活动
2024-09-28,36.854704560707546,131.01133946791808,620,1,无活动
2024-09-29,130.63873662415273,136.70723185801037,562,1,满200减30
2024-09-30,101.09835423274875,141.32405525564712,139,0,满200减30
2024-10-01,76.00635922213161,101.13423988609378,636,0,无活动
2024-10-02,44.129927913998976,100.15162946871996,360,0,无活动
2024-10-03,61.67240112280133,129.82951789667752,494,0,无活动
2024-10-04,119.75246676856716,114.99639307777652,325,0,满200减30
2024-10-05,87.54267798500321,120.19668772577033,223,1,无活动
2024-10-06,54.5553162935489,129.5792669436101,137,1,无活动
2024-10-07,133.68487953471953,139.00053418175662,427,0,新品上市
2024-10-08,164.47108869695765,83.79951568515358,350,0,全场8折
2024-10-09,171.0490462965654,87.55829526399441,275,0,限时秒杀
2024-10-10,140.9038676872043,59.3981939840869,701,0,全场8折
2024-10-11,134.71387330926592,107.8280140996174,553,0,新品上市
2024-10-12,187.7409347297033,53.59422737967421,136,1,限时秒杀
2024-10-13,54.22197802775753,96.55980181324603,415,1,无活动
2024-10-14,79.34189171044986,104.26446347075766,787,0,新品上市
2024-10-15,108.40651374214059,78.65412521282843,895,0,无活动
2024-10-16,108.97762010294828,109.08332605690107,692,0,满200减30
2024-10-17,139.52845358654002,53.05002499390494,213,0,新品上市
2024-10-18,127.16925866469441,53.734818874921444,139,0,满200减30
2024-10-19,101.29978218109903,132.26005606596584,400,1,新品上市
2024-10-20,101.11394566852583,86.01906414112628,323,1,新品上市
2024-10-21,93.11531204387714,62.70605126518848,417,0,满200减30
2024-10-22,174.330593152239,102.22432600548044,448,0,限时秒杀
2024-10-23,152.25470250715873,126.99935530986109,214,0,全场8折
2024-10-24,80.08229612530897,71.58210274968431,797,0,无活动
2024-10-25,127.07758074696542,112.28904758190004,422,0,新品上市
2024-10-26,99.29668139604843,58.5347464993768,667,1,无活动
2024-10-27,110.24516031402959,55.168172116860774,139,1,满200减30
2024-10-28,96.32315241673092,103.13546315681481,965,0,无活动
2024-10-29,117.40253260795266,104.06351216101065,139,0,满200减30
2024-10-30,98.95621600705518,113.74299014982066,958,0,无活动
2024-10-31,95.7497455752164,122.60913337226616,848,0,全场8折
2024-11-01,182.43470026256765,147.58520794625346,388,0,全场8折
2024-11-02,148.2269877992438,101.63003483011954,361,1,全场8折
2024-11-03,101.43742998598051,82.29564729412459,315,1,全场8折
2024-11-04,127.86020874963049,129.51861947687036,246,0,全场8折
2024-11-05,165.09342919672645,77.08322512620742,435,0,全场8折
2024-11-06,109.50122519111353,93.8971420705636,267,0,满200减30
2024-11-07,96.58857325380711,57.8456381342266,191,0,新品上市
2024-11-08,59.02045193524718,52.53507434154575,452,0,无活动
2024-11-09,160.78011128281625,146.2648414677925,670,1,全场8折
2024-11-10,113.31288858224647,133.59801205122056,670,1,满200减30
2024-11-11,109.86693620444946,119.59742060936979,915,0,满200减30
2024-11-12,164.21863041622936,90.89529444142698,780,0,满200减30
2024-11-13,110.55949640142354,67.32943200708458,880,0,新品上市
2024-11-14,73.4320119293165,65.6437042671086,462,0,无活动
2024-11-15,129.85396026871643,75.02428981645953,656,0,新品上市
2024-11-16,164.804740661773,104.92266647061206,444,1,限时秒杀
2024-11-17,109.88919735675137,121.45959227000624,792,1,满200减30
2024-11-18,178.3116603654634,116.01973767177313,269,0,限时秒杀
2024-11-19,125.63442883207033,77.99338969459428,455,0,全场8折
2024-11-20,145.56120718266857,145.4865280663194,290,0,全场8折
2024-11-21,121.80505339461257,123.78969166957685,766,0,新品上市
2024-11-22,128.59247950948742,105.43540525114007,521,0,无活动
2024-11-23,164.17465257769805,111.17207462343522,799,1,限时秒杀
2024-11-24,105.8775265567355,91.96000624277899,106,1,无活动
2024-11-25,155.83981081265836,74.77309895011575,232,0,新品上市
2024-11-26,173.93760142469046,85.59726786512616,846,0,全场8折
2024-11-27,95.28903478052611,125.78461104643691,656,0,无活动
2024-11-28,101.72491660449386,51.439348862975585,925,0,无活动
2024-11-29,164.33013609958795,61.607264050691626,860,0,全场8折
2024-11-30,162.54614422678313,54.600264202175275,130,1,限时秒杀
2024-12-01,165.34276662059585,54.07288023189702,634,1,全场8折
2024-12-02,101.08582151412402,135.5460584011007,525,0,无活动
2024-12-03,188.1096773380248,120.36578593800236,493,0,限时秒杀
2024-12-04,209.59343955004852,97.41738290873252,771,0,限时秒杀
2024-12-05,157.75682084949688,59.78341606510015,462,0,全场8折
2024-12-06,99.37618342290527,99.16158751168324,536,0,无活动
2024-12-07,146.8554283798423,97.34717707805657,769,1,新品上市
2024-12-08,85.11420824255949,67.32018699100152,650,1,无活动
2024-12-09,103.68403870036016,93.3851649237973,181,0,满200减30
2024-12-10,108.01842788046943,89.85047343973734,455,0,新品上市
2024-12-11,208.51240956278016,111.58500980522165,357,0,限时秒杀
2024-12-12,160.8972006542299,113.50936508676438,817,0,新品上市
2024-12-13,204.05899929576466,54.53040097720445,688,0,限时秒杀
2024-12-14,224.6655938734004,87.46126146264712,623,1,限时秒杀
2024-12-15,131.02410902059717,112.58599157142365,394,1,新品上市
2024-12-16,192.47801549330302,100.31362585800878,323,0,限时秒杀
2024-12-17,182.45101903059015,135.64898411883223,624,0,限时秒杀
2024-12-18,159.0696977516221,115.8693631618945,145,0,满200减30
2024-12-19,115.35442123694976,66.29344270814298,766,0,无活动
2024-12-20,110.87293204554163,57.056874740042986,212,0,无活动
2024-12-21,138.50208852372955,114.24192782063156,332,1,满200减30
2024-12-22,119.91261786225616,52.65113105416218,116,1,新品上市
2024-12-23,193.92485563051278,108.57755812734632,459,0,全场8折
2024-12-24,220.7094675548659,144.02302414249576,322,0,全场8折
2024-12-25,173.87179445367923,107.5474177875879,965,0,全场8折
2024-12-26,176.73044250757152,88.8169926206522,799,0,满200减30
2024-12-27,155.40518457269494,114.32882184423532,547,0,满200减30
2024-12-28,237.0161822113116,95.82528904915166,955,1,限时秒杀
2024-12-29,176.45785052945172,104.56167893159349,464,1,全场8折
2024-12-30,140.28564230437274,144.14648087765252,774,0,新品上市
2024-12-31,156.3972065465739,88.61026378007742,425,0,新品上市
2025-01-01,218.1578576054358,146.11905638239142,566,0,全场8折
2025-01-02,205.97795693900142,140.53506419560637,513,0,全场8折
2025-01-03,236.58151596456307,69.57911347892964,554,0,全场8折
2025-01-04,177.48347107089904,56.936130087516545,685,1,满200减30
2025-01-05,117.74783379887151,60.07780013774266,332,1,满200减30
2025-01-06,155.98449150801142,51.822182565154975,323,0,满200减30
2025-01-07,157.71123276088082,59.44429607559284,930,0,无活动
2025-01-08,153.6872504250723,118.30067734163569,511,0,新品上市
2025-01-09,169.37259072254753,57.1188648460229,671,0,新品上市
2025-01-10,241.73665410163423,81.89756302937613,434,0,限时秒杀
2025-01-11,198.12954145583168,134.48753109694547,321,1,满200减30
2025-01-12,205.5829186423228,52.32719357358258,136,1,无活动
2025-01-13,152.05765184483008,131.44684825889357,377,0,无活动
2025-01-14,148.98937848536704,78.18547747733999,295,0,新品上市
2025-01-15,179.1293361946708,61.81648276216563,963,0,满200减30
2025-01-16,261.5053481774554,119.67371653641507,583,0,限时秒杀
2025-01-17,185.96385503243633,112.8942846779884,341,0,满200减30
2025-01-18,205.34055754100032,137.7472013527053,423,1,全场8折
2025-01-19,196.98888430753905,123.50710438038858,830,1,满200减30
2025-01-20,190.84219714012653,130.34809303848488,291,0,全场8折
2025-01-21,215.7772570430586,78.20345725713065,116,0,全场8折
2025-01-22,253.78082475799135,67.74395437797229,623,0,限时秒杀
2025-01-23,149.71268286669735,125.06147516408583,500,0,新品上市
2025-01-24,187.3016513586822,130.6834739267264,985,0,满200减30
2025-01-25,223.38974751812728,149.0505142000673,804,1,全场8折
2025-01-26,156.10681367697623,91.26176769114265,121,1,满200减30
2025-01-27,203.58137615161456,87.20180857927832,573,0,新品上市
2025-01-28,220.48774585961405,127.64129607419969,219,0,新品上市
2025-01-29,171.3547996436572,84.08035402530179,309,0,无活动
2025-01-30,190.3407370342472,143.07573256035647,405,0,新品上市
2025-01-31,254.26014086655175,135.8412751843012,369,0,限时秒杀
2025-02-01,200.05352944649766,92.89940273750184,803,1,全场8折
2025-02-02,146.5553413509768,125.08710677914974,786,1,无活动
2025-02-03,219.7875189544116,125.45428740846823,384,0,限时秒杀
2025-02-04,156.45857492765788,60.31238688359326,815,0,满200减30
2025-02-05,243.6526630265768,140.25529066795667,775,0,全场8折
2025-02-06,178.6470966565068,100.52523724478571,862,0,新品上市
2025-02-07,230.3090974881901,132.64574661077415,326,0,全场8折
2025-02-08,220.43002804865012,82.00496010306117,480,1,满200减30
2025-02-09,204.59822635196454,139.55232284962005,559,1,无活动
2025-02-10,190.56464015698623,88.92016787341632,106,0,无活动
2025-02-11,159.45301322783743,51.08376514802983,128,0,无活动
2025-02-12,204.91355247831711,140.53819764192636,132,0,新品上市
2025-02-13,272.7953649605918,59.128667678613354,745,0,限时秒杀
2025-02-14,285.77077092831604,81.93136375904149,978,0,限时秒杀
2025-02-15,209.30953074674483,145.0061967050805,178,1,全场8折
2025-02-16,189.3667465342404,145.0607146937556,558,1,新品上市
2025-02-17,154.67960055400295,107.34378881232861,669,0,无活动
2025-02-18,146.69510917751518,113.18372121697993,637,0,无活动
2025-02-19,225.45757870963075,94.84455219783197,581,0,满200减30
2025-02-20,227.95861860594383,79.32107716980646,529,0,满200减30
2025-02-21,196.85306313457528,82.8664545369916,837,0,无活动
2025-02-22,195.4029028604683,117.25184560770384,384,1,无活动
2025-02-23,202.02594176199796,125.237452943768,615,1,新品上市
2025-02-24,284.2664039725199,129.15790437258485,198,0,限时秒杀
2025-02-25,228.97848255462992,128.96181427945538,496,0,满200减30
2025-02-26,220.65900485335837,59.12061030486903,588,0,限时秒杀
2025-02-27,170.7661354512289,99.44203047025815,138,0,新品上市
2025-02-28,153.26212259779567,55.755876001664426,370,0,无活动
2025-03-01,274.40335321379234,104.95288823237355,986,1,限时秒杀
2025-03-02,204.20781832241173,94.1530501373377,896,1,无活动
2025-03-03,175.35647251232047,138.77041827582997,256,0,无活动
2025-03-04,205.13418270316714,85.09150125520787,174,0,全场8折
2025-03-05,279.56615730865883,61.706701642760585,983,0,限时秒杀
2025-03-06,277.2176842167854,64.29916820528359,899,0,限时秒杀
2025-03-07,196.60747262339282,126.15106317174723,229,0,无活动
2025-03-08,194.68532399379538,111.8218063316261,786,1,新品上市
2025-03-09,224.93114109281066,60.11226761227903,183,1,全场8折
2025-03-10,197.641957779033,58.41068061149974,121,0,无活动
2025-03-11,226.5403102171368,120.096913145912,558,0,满200减30
2025-03-12,211.50514417566708,57.27630063641935,638,0,满200减30
2025-03-13,237.28015023683045,132.18600592903562,806,0,全场8折
2025-03-14,228.7813476777719,120.62422271564962,948,0,新品上市
2025-03-15,199.55691855687198,58.13487806418998,481,1,无活动
2025-03-16,287.18929666057113,58.48377140851919,847,1,限时秒杀
2025-03-17,259.0687760774406,148.66395785011753,539,0,全场8折
2025-03-18,251.0293461548413,87.42707957561203,703,0,新品上市
2025-03-19,259.3393762724863,87.06421470668909,120,0,限时秒杀
2025-03-20,220.96449476116564,131.27995672575025,402,0,满200减30
2025-03-21,219.70735378766025,144.72485773838588,968,0,满200减30
2025-03-22,271.79664864234275,148.6001063822871,183,1,限时秒杀
2025-03-23,260.24705493133797,125.33781852589416,873,1,全场8折
2025-03-24,237.1436053785887,87.62595855309158,758,0,满200减30
2025-03-25,214.8547347815117,58.35007166986688,552,0,无活动
2025-03-26,269.1836183738434,127.71469159274368,486,0,限时秒杀
2025-03-27,283.3706907076464,105.8404249735805,606,0,限时秒杀
2025-03-28,196.49609213911341,92.42220092469762,356,0,满200减30
2025-03-29,216.9418966015673,140.6354385094736,669,1,全场8折
2025-03-30,181.78363483229288,61.11974823061513,991,1,无活动
2025-03-31,246.85574427125744,99.26251042908592,626,0,全场8折
2025-04-01,191.24800283797384,51.135364476741906,261,0,新品上市
2025-04-02,197.7569633709343,96.86606419941262,262,0,新品上市
2025-04-03,228.02655979562067,55.63032756818374,931,0,满200减30
2025-04-04,222.37575863293452,61.88179162680719,892,0,满200减30
2025-04-05,212.42127937447663,61.752624677710486,891,1,满200减30
2025-04-06,241.09031615499873,114.92103021160635,623,1,新品上市
2025-04-07,283.2575536877293,124.60448792654233,885,0,全场8折
2025-04-08,249.09143952582033,108.33687650971596,370,0,全场8折
2025-04-09,233.82367643828377,146.21725484745417,591,0,满200减30
2025-04-10,199.03774033370073,87.4870579523704,307,0,无活动
2025-04-11,253.16570570582326,78.57120862818607,638,0,全场8折
2025-04-12,233.18716164731654,136.85991281894604,683,1,新品上市
2025-04-13,224.9713199937589,72.35958385194526,159,1,限时秒杀
2025-04-14,289.9004988371077,146.32225394406112,529,0,限时秒杀
2025-04-15,234.2784487082116,51.21544746898164,756,0,限时秒杀
2025-04-16,208.86180487815807,146.9878826707639,704,0,无活动
2025-04-17,203.251497710429,54.31599119505761,408,0,满200减30
2025-04-18,182.21614169459806,139.11431136980713,619,0,新品上市
2025-04-19,156.91726872526797,102.77011090862999,690,1,无活动
2025-04-20,190.52226254861165,149.29647961193004,126,1,新品上市
2025-04-21,189.10092920795503,57.37965647353989,785,0,新品上市
2025-04-22,223.60221789972306,105.38542844013207,661,0,满200减30
2025-04-23,246.98566962137437,146.9302535619099,298,0,限时秒杀
2025-04-24,220.67134360666165,102.30978441701488,486,0,满200减30
2025-04-25,204.52626090451594,112.93986381352624,448,0,无活动
2025-04-26,176.26351562111256,119.57486889846172,792,1,无活动
2025-04-27,159.57635795128482,95.45410647677733,635,1,无活动
2025-04-28,220.43868857140515,112.75580800840635,927,0,满200减30
2025-04-29,223.88833840728685,108.43143119231001,477,0,新品上市
2025-04-30,202.9092300455714,140.11580104909888,998,0,新品上市
2025-05-01,254.51725907902284,54.54463803414579,657,0,全场8折
2025-05-02,190.69173760414125,78.09631895922303,626,0,无活动
2025-05-03,236.40807638670393,145.04114840765587,252,1,新品上市
2025-05-04,264.5447680000065,139.02637838909163,833,1,全场8折
2025-05-05,195.79402222460536,95.56567527857129,305,0,新品上市
2025-05-06,176.59475275229988,112.01325978015367,554,0,无活动
2025-05-07,272.0866263120495,77.73811829811326,372,0,限时秒杀
2025-05-08,191.0377908951819,68.81211597237613,993,0,无活动
2025-05-09,223.5439396623108,96.36984049399823,335,0,满200减30
2025-05-10,199.52519956572812,85.33522280260527,951,1,新品上市
2025-05-11,221.43450725266868,108.3656111850872,839,1,新品上市
2025-05-12,233.30387301099742,57.77346369649848,620,0,满200减30
2025-05-13,232.529155350853,147.43948076661667,777,0,满200减30
2025-05-14,265.7032269336763,148.62107444796027,930,0,限时秒杀
2025-05-15,188.714160622749,119.81617140197451,825,0,新品上市
2025-05-16,214.83782044963172,103.60963663441204,600,0,新品上市
2025-05-17,251.19202347921635,80.95276162863277,216,1,限时秒杀
2025-05-18,274.3746716371371,131.37950197069486,485,1,全场8折
2025-05-19,265.3576120957165,118.47311725538793,443,0,限时秒杀
2025-05-20,175.68085424440824,66.26169393448913,683,0,无活动
2025-05-21,211.97531106197647,141.09271844938425,494,0,新品上市
2025-05-22,226.3788598742081,132.25372429231692,163,0,满200减30
2025-05-23,173.52019883643737,144.9799913291924,816,0,无活动
2025-05-24,177.8393075074699,122.571950838836,820,1,新品上市
2025-05-25,253.75052909284113,111.341519593579,171,1,限时秒杀
2025-05-26,173.98339372236842,91.82430362906189,888,0,无活动
2025-05-27,180.84144195132262,143.2728483354013,373,0,新品上市
2025-05-28,199.55233607785803,136.60638895004084,419,0,全场8折
2025-05-29,214.5244987296269,54.52186701061894,437,0,全场8折
2025-05-30,224.99934933718947,52.6366974497252,465,0,满200减30
2025-05-31,217.42085979419346,87.64633668780496,594,1,新品上市
2025-06-01,232.63976729782743,131.0553330781833,706,1,全场8折
2025-06-02,278.1452570855383,148.72761293149443,265,0,限时秒杀
2025-06-03,207.5625686244547,65.04168911035282,643,0,新品上市
2025-06-04,243.9477638663686,109.4130715352135,110,0,限时秒杀
2025-06-05,258.57064044876887,88.08908566310215,400,0,限时秒杀
2025-06-06,200.37456476126007,146.99143978146031,828,0,全场8折
2025-06-07,177.93795369660643,134.21189231357087,900,1,新品上市
2025-06-08,151.01836098223646,133.83287047111378,201,1,无活动
2025-06-09,224.0251916743237,96.86931597949703,524,0,全场8折
2025-06-10,234.84487903371482,91.48195023376653,491,0,全场8折
2025-06-11,177.56303236225315,77.34070719307063,878,0,新品上市
2025-06-12,174.612072753676,55.63754966509271,313,0,新品上市
2025-06-13,229.4285017048171,136.47223762550533,790,0,限时秒杀
2025-06-14,179.68862300628166,131.29010091300776,187,1,新品上市
2025-06-15,282.8223051387425,149.97176732861305,652,1,限时秒杀
2025-06-16,228.7713611330658,149.66368370739053,500,0,全场8折
2025-06-17,232.8615209858642,105.54317056026275,687,0,满200减30
2025-06-18,134.17465279318554,126.89874151805105,988,0,无活动
2025-06-19,205.04587061747736,144.47657298824282,145,0,全场8折
2025-06-20,187.2535195380212,134.96473906774116,771,0,新品上市
2025-06-21,168.79396050888798,74.73481017431976,562,1,无活动
2025-06-22,158.2886803186767,95.05441353100935,691,1,满200减30
2025-06-23,184.0684189049795,62.9159415151495,409,0,满200减30
2025-06-24,231.6056310923601,145.40510272587224,185,0,限时秒杀
2025-06-25,164.06050241233996,110.617463445088,191,0,无活动
2025-06-26,254.74399649651292,72.86428055034628,759,0,限时秒杀
2025-06-27,182.61551858303116,117.17006844058567,772,0,全场8折
2025-06-28,198.01366300384603,111.81282404578958,813,1,无活动
2025-06-29,165.56770855371656,85.81627180328405,341,1,全场8折
2025-06-30,225.9559819314632,61.355759219962906,964,0,限时秒杀
2025-07-01,160.5889462468819,117.15731955927996,101,0,无活动
2025-07-02,225.08429211567267,102.03077009037932,324,0,限时秒杀
2025-07-03,189.18570101597328,127.23183917356393,900,0,无活动
2025-07-04,242.34844315036264,102.01635011119933,844,0,限时秒杀
2025-07-05,199.67204604875468,135.218150031854,688,1,满200减30
2025-07-06,211.44412766988455,105.19068387744855,215,1,限时秒杀
2025-07-07,202.0117559960858,106.09379715353862,765,0,满200减30
2025-07-08,208.80729939508032,137.66536026583452,202,0,限时秒杀
2025-07-09,159.89476926593485,90.34828662123971,293,0,无活动
2025-07-10,141.92911440405908,63.40152284506407,265,0,无活动
2025-07-11,144.03107807444044,52.8782676313339,970,0,无活动
2025-07-12,174.11523906126638,125.5137255673619,189,1,新品上市
2025-07-13,199.91972175203875,112.03095513534646,785,1,全场8折
2025-07-14,166.56557882465478,120.40797680992236,221,0,无活动
2025-07-15,168.42033464886495,71.29641615089108,242,0,满200减30
2025-07-16,116.24653475946117,63.63714755867697,205,0,无活动
2025-07-17,150.81092575642538,51.45446656678819,986,0,新品上市
2025-07-18,215.54315511927786,85.0587558806597,527,0,满200减30
2025-07-19,168.45227112082438,108.99176868546331,404,1,新品上市
2025-07-20,145.42704914043884,89.22440450997323,971,1,满200减30
2025-07-21,214.45477358951163,93.74749220237291,416,0,限时秒杀
2025-07-22,229.81576876817664,140.41586944937484,734,0,全场8折
2025-07-23,196.70414140636214,84.82554670233003,108,0,全场8折
2025-07-24,142.7103701259578,101.39894891598108,873,0,新品上市
2025-07-25,211.1569556754895,128.3653012741143,172,0,全场8折
2025-07-26,183.3245978729342,89.65427823212701,458,1,新品上市
2025-07-27,182.20743771671934,112.20867002278735,322,1,新品上市
2025-07-28,193.37972961030675,136.23637087467452,515,0,新品上市
2025-07-29,188.81863554360754,144.95206236576422,652,0,全场8折
2025-07-30,148.21835880065828,64.7073480929038,469,0,新品上市
2025-07-31,148.29025434863752,142.65876251614944,815,0,全场8折
2025-08-01,151.7254860887378,99.21162930795381,363,0,新品上市
2025-08-02,112.26606922293908,75.82443882989584,939,1,无活动
2025-08-03,144.98804601498694,95.91357562382613,789,1,新品上市
2025-08-04,181.01749760310017,148.0032575285477,959,0,满200减30
2025-08-05,148.01373376341172,99.26180939928696,417,0,新品上市
2025-08-06,259.02389260193615,82.87516102875082,183,0,限时秒杀
2025-08-07,145.50537350064945,113.34008543167258,417,0,新品上市
2025-08-08,176.1523838088734,74.0145618778193,210,0,满200减30
2025-08-09,158.68253018992166,57.586332810866395,350,1,满200减30
2025-08-10,179.14103986386277,62.88797219106492,482,1,全场8折
2025-08-11,132.81797400537295,62.80458389577724,106,0,无活动
2025-08-12,171.4605195414169,65.19026935122943,558,0,新品上市
2025-08-13,187.5705449403493,63.882717264941014,183,0,全场8折
2025-08-14,149.38483825272266,114.08747448032146,307,0,无活动
2025-08-15,153.05184157517354,68.18800843991448,999,0,新品上市
2025-08-16,206.35940317494823,84.56672833238632,489,1,限时秒杀
2025-08-17,136.4487308505539,139.6788409906012,413,1,新品上市
2025-08-18,130.77714209385127,97.39616402628724,121,0,满200减30
2025-08-19,125.28864351769946,116.75577385210272,509,0,满200减30
2025-08-20,198.3585740946658,67.23198712016298,994,0,限时秒杀
2025-08-21,160.59123255808242,69.22890188086708,614,0,全场8折
2025-08-22,90.07430645258587,54.08686162664789,226,0,无活动
2025-08-23,133.1699264413048,66.89350630721646,908,1,新品上市
2025-08-24,161.70141933715607,77.85903390319586,799,1,满200减30
2025-08-25,141.84087972393905,67.70104842767468,973,0,全场8折
2025-08-26,204.8981755340405,58.87025337570556,113,0,限时秒杀
2025-08-27,148.69838862671637,62.063587110060084,111,0,满200减30
2025-08-28,190.2481987346206,96.07787680327257,186,0,限时秒杀
2025-08-29,173.94078311191885,70.63337184057926,623,0,新品上市
2025-08-30,118.32151231341011,86.42698610480755,636,1,无活动
2025-08-31,149.42807659653747,100.34172708548569,400,1,满200减30
2025-09-01,153.72830960720643,119.03948286293652,342,0,满200减30
2025-09-02,130.15459372540136,53.931213984109895,221,0,新品上市
2025-09-03,171.6680330051391,129.94103989090428,246,0,全场8折
2025-09-04,117.2085038080591,112.79003894909079,666,0,无活动
2025-09-05,119.98121252279302,58.17590319488719,849,0,满200减30
2025-09-06,111.87727225199713,137.35786241067774,455,1,无活动
2025-09-07,158.8556740990339,142.08724005318132,784,1,满200减30
2025-09-08,96.56068732266345,56.107795985486376,832,0,无活动
2025-09-09,221.0891761652977,77.68776481472037,730,0,限时秒杀
2025-09-10,156.9945001424672,130.62012797930612,408,0,满200减30
2025-09-11,153.7127255311858,124.82596903836584,794,0,无活动
2025-09-12,154.55887423937435,68.45210193563773,387,0,全场8折
2025-09-13,225.98889757627686,70.93493233367103,406,1,限时秒杀
2025-09-14,219.21701937860092,87.0472102791382,911,1,限时秒杀
2025-09-15,158.30615194251118,98.45229851910213,693,0,全场8折
2025-09-16,124.35473063407981,111.8254771530296,822,0,无活动
2025-09-17,135.72022747525216,86.89136395697724,761,0,新品上市
2025-09-18,147.6724820050807,96.25347161331479,648,0,全场8折
2025-09-19,130.0847673008546,124.74709381337566,451,0,无活动
2025-09-20,204.62648488868444,53.66832028905979,411,1,全场8折
2025-09-21,155.73393431158894,75.24369443440207,972,1,全场8折
2025-09-22,121.02395598136002,121.33495858845524,158,0,满200减30
2025-09-23,98.77470731769824,139.52068376871995,742,0,无活动
2025-09-24,171.88058494669627,101.16774421156661,813,0,新品上市
2025-09-25,148.3758729352907,103.21134852653157,854,0,满200减30
2025-09-26,200.95654339047792,60.7172011339776,134,0,全场8折
2025-09-27,149.04496657593867,94.74123668234546,544,1,全场8折
2025-09-28,167.29044800853512,103.2617266455023,192,1,全场8折
2025-09-29,120.87967060611541,74.24705036347297,306,0,无活动
2025-09-30,144.71440740148728,76.9243230949381,452,0,无活动
2025-10-01,145.42908431213297,87.72841631046226,431,0,满200减30
2025-10-02,162.3498469982939,52.00711977777264,916,0,新品上市
2025-10-03,151.15835882607178,82.20791655831783,961,0,满200减30
2025-10-04,157.8172516024799,71.14480069965447,824,1,限时秒杀
2025-10-05,140.6919599648218,82.74973521779147,258,1,全场8折
2025-10-06,200.60063687766024,61.97621318192512,123,0,全场8折
2025-10-07,150.12130428108364,139.0527280739895,503,0,全场8折
2025-10-08,156.9231632389897,109.35924535540487,904,0,满200减30
2025-10-09,146.5048561742655,117.91023191444896,615,0,满200减30
2025-10-10,168.6749900390302,128.91712386073382,831,0,全场8折
2025-10-11,125.11966934139521,99.84421989290573,463,1,满200减30
2025-10-12,78.78477704420166,58.69202880874237,481,1,无活动
2025-10-13,104.43713925860281,103.71065418185478,631,0,无活动
2025-10-14,171.21311183018665,108.68411180208791,251,0,满200减30
2025-10-15,178.9647344150322,124.54394741843299,661,0,全场8折
2025-10-16,146.4659832092127,93.16595462296794,788,0,满200减30
2025-10-17,152.72424440045808,62.75803027955638,707,0,满200减30
2025-10-18,145.56185124779142,78.37759057987245,716,1,满200减30
2025-10-19,229.59927687551672,86.30822963986351,519,1,限时秒杀
2025-10-20,120.24302625823003,114.59172413316013,349,0,无活动
2025-10-21,141.9489320247641,107.07783046689119,216,0,新品上市
2025-10-22,129.60763531141367,85.60967258978462,965,0,新品上市
2025-10-23,205.81359483385364,148.65152487929797,611,0,限时秒杀
2025-10-24,130.65607433537195,110.57748193568872,839,0,满200减30
2025-10-25,195.6975289453486,73.72267917359945,677,1,限时秒杀
2025-10-26,185.7210619637815,60.17824726204037,434,1,限时秒杀
2025-10-27,188.45488176335851,65.28591391843321,517,0,全场8折
2025-10-28,108.70528122293233,74.59577283845081,873,0,无活动
2025-10-29,157.63364677453035,66.06813732595558,394,0,新品上市
2025-10-30,151.7289319027763,68.65670240513057,854,0,满200减30
2025-10-31,110.89908700079624,78.50951686938471,470,0,新品上市
2025-11-01,153.86880186731292,67.33735952947548,285,1,新品上市
2025-11-02,92.41985018941365,139.67654246264252,345,1,无活动
2025-11-03,153.87398611504568,58.02337456616422,736,0,新品上市
2025-11-04,152.6306878776655,102.45113895702546,367,0,新品上市
2025-11-05,230.89948912381712,91.03968269896615,742,0,限时秒杀
2025-11-06,124.06895525311829,148.23786169086065,336,0,无活动
2025-11-07,156.08150314981364,61.203890216805235,629,0,全场8折
2025-11-08,156.12257223792795,89.78555990457417,651,1,满200减30
2025-11-09,107.18313393518844,146.9470433275369,120,1,新品上市
2025-11-10,158.68955245224853,136.55071258939802,836,0,满200减30
2025-11-11,163.86075578302228,131.70720709492798,966,0,全场8折
2025-11-12,176.19917902110203,75.79028270449399,893,0,满200减30
2025-11-13,210.88710809123864,67.08875873900658,619,0,全场8折
2025-11-14,238.5947894821384,116.8643219924431,199,0,限时秒杀
2025-11-15,196.05149355773315,142.93759891275857,851,1,新品上市
2025-11-16,210.52874877594445,105.67628930139298,577,1,全场8折
2025-11-17,170.7846435777218,107.16126894698999,698,0,满200减30
2025-11-18,136.20090956504518,77.99790936602841,397,0,新品上市
2025-11-19,209.43865880808585,126.94929331919369,625,0,限时秒杀
2025-11-20,202.08981304759925,68.70437485575233,433,0,新品上市
2025-11-21,202.9169033193611,82.36792364042437,101,0,全场8折
2025-11-22,213.446960707856,92.54364386164167,474,1,限时秒杀
2025-11-23,147.5411397073957,100.7610378684455,392,1,满200减30
2025-11-24,233.71454334319685,74.24097324150802,936,0,限时秒杀
2025-11-25,196.55691930639512,61.483682473920354,652,0,限时秒杀
2025-11-26,128.32468549864512,111.06200424416326,417,0,无活动
2025-11-27,231.87214000989363,78.86305532402558,601,0,限时秒杀
2025-11-28,235.90166352826188,108.12382214226122,927,0,限时秒杀
2025-11-29,138.99312875252576,65.43627152742023,480,1,新品上市
2025-11-30,154.17193498305707,98.11401018548175,722,1,满200减30
2025-12-01,194.45857271137328,103.25894325515858,113,0,新品上市
2025-12-02,147.0100660627553,55.18235368224269,603,0,新品上市
2025-12-03,207.2198533246391,83.66042781939205,330,0,全场8折
2025-12-04,159.09665533523184,63.44146769389742,183,0,新品上市
2025-12-05,181.9501947105221,56.33749704727678,229,0,无活动
2025-12-06,130.13526181093968,148.99602323899452,842,1,无活动
2025-12-07,190.96959413196487,82.2353844974723,937,1,全场8折
2025-12-08,168.01765175702138,130.9874445854635,244,0,满200减30
2025-12-09,183.0381574235566,75.46406547637639,990,0,满200减30
2025-12-10,176.14536290635507,118.15027222239293,956,0,新品上市
2025-12-11,179.08979940637994,126.02278598896865,127,0,新品上市
2025-12-12,183.13744005473336,109.56387406078443,165,0,新品上市
2025-12-13,176.26073175622565,97.15761885501584,262,1,满200减30
2025-12-14,242.49591169157083,91.18409141472685,328,1,限时秒杀
2025-12-15,160.92059621079255,84.88682665429954,360,0,无活动
2025-12-16,227.5620070126963,142.9529144247826,548,0,限时秒杀
2025-12-17,216.8517924517017,133.0619407787729,523,0,限时秒杀
2025-12-18,210.71842676862542,146.50269106665127,559,0,满200减30
2025-12-19,226.28787274705385,62.42972234855447,775,0,限时秒杀
2025-12-20,192.2344741904138,123.08674752036443,400,1,全场8折
2025-12-21,199.31762148936895,143.83404568210378,402,1,新品上市
2025-12-22,204.49895632056968,68.12330661656601,386,0,全场8折
2025-12-23,124.77900978706664,56.649626736677746,494,0,无活动
2025-12-24,173.35432542730118,124.11206492900591,109,0,新品上市
2025-12-25,291.51829498974206,107.4473113179912,806,0,限时秒杀
2025-12-26,179.46686580089343,134.1828776758272,729,0,无活动
2025-12-27,177.78108060877338,63.97723766262895,369,1,新品上市
2025-12-28,207.64193925522716,129.52673118598904,691,1,限时秒杀
2025-12-29,226.5471117241047,70.16273200477445,704,0,全场8折
2025-12-30,200.46559685177516,66.36559428657046,877,0,新品上市
2025-12-31,274.0473039907532,66.4265797930993,943,0,限时秒杀
2026-01-01,224.008026183751,131.45747202313822,961,0,全场8折
2026-01-02,171.48356984546749,116.51972206962002,460,0,无活动
2026-01-03,141.80168580027373,102.30654247691193,356,1,无活动
2026-01-04,198.46134227980878,85.88304841235025,232,1,无活动
2026-01-05,223.33630968161833,137.72005408131082,375,0,无活动
2026-01-06,170.88772623768145,89.24451074226354,875,0,满200减30
2026-01-07,184.6629640392756,131.65994394715773,782,0,新品上市
2026-01-08,219.4141279778907,93.91349085702184,612,0,新品上市
2026-01-09,204.3634335414359,87.69444294249075,412,0,满200减30
2026-01-10,254.51884479246118,96.26797856696064,675,1,限时秒杀
2026-01-11,272.9376897784167,80.13778741641421,985,1,限时秒杀
2026-01-12,182.5318795590006,124.76093801762511,383,0,无活动
2026-01-13,210.4034169231184,100.27203900924792,220,0,全场8折
2026-01-14,263.32976606225617,73.22126951468172,206,0,限时秒杀
2026-01-15,227.3418459751938,139.95745732745684,786,0,全场8折
2026-01-16,233.4202154477097,88.38912213732114,303,0,新品上市
2026-01-17,263.5265239643849,104.35528611139887,264,1,全场8折
2026-01-18,211.8427055515258,140.6472110964547,404,1,新品上市
2026-01-19,215.52983888260192,112.42379959139922,596,0,满200减30
2026-01-20,196.38002685644594,61.68980407083641,731,0,满200减30
2026-01-21,182.35330089046252,143.9832123613475,655,0,无活动
2026-01-22,280.79434394931934,112.77080530714179,923,0,限时秒杀
2026-01-23,236.09268305468018,83.49056146570861,255,0,无活动
2026-01-24,207.89734310495686,63.927207266338726,466,1,新品上市
2026-01-25,192.94891431468383,129.4025189270296,818,1,无活动
2026-01-26,230.0964920568311,112.00727559285136,719,0,全场8折
2026-01-27,215.34365111804468,103.34610919763216,350,0,新品上市
2026-01-28,190.94855528140292,139.38925830509578,981,0,满200减30
2026-01-29,289.0783962835758,128.8597211224531,433,0,限时秒杀
2026-01-30,237.68446786974374,65.16748797327512,741,0,新品上市
2026-01-31,203.44224411744653,81.17220677955483,610,1,新品上市
2026-02-01,260.96228035823384,74.84891398144657,392,1,全场8折
2026-02-02,307.50553182054955,124.3946292572677,119,0,限时秒杀
2026-02-03,226.83973605088696,53.35324347357794,381,0,满200减30
2026-02-04,238.19313008720238,106.98896848713164,896,0,新品上市
2026-02-05,233.70880391290876,126.24586857406905,100,0,新品上市
2026-02-06,240.16400519763428,137.67656367617496,218,0,全场8折
2026-02-07,174.24205617790392,84.20817487159076,134,1,无活动
2026-02-08,213.43322828745627,132.12573046720127,297,1,满200减30
2026-02-09,293.94739045242324,61.063173695520724,584,0,限时秒杀
2026-02-10,230.0016543113994,134.6452291734518,856,0,新品上市
2026-02-11,249.61432859913126,62.74886623319824,158,0,新品上市
2026-02-12,252.82760825586956,89.72872905603673,936,0,满200减30
2026-02-13,230.68723092512258,129.72953657795534,260,0,无活动
2026-02-14,253.58483515638787,64.99174273487738,790,1,新品上市
2026-02-15,268.20005213536786,72.92513952326415,305,1,满200减30
2026-02-16,247.6500612055922,122.22525683930662,111,0,全场8折
2026-02-17,207.41415755019813,122.00365365460743,589,0,无活动
2026-02-18,305.76917150935594,114.11476328852973,375,0,限时秒杀
2026-02-19,196.80647084005966,119.39484444671,792,0,新品上市
2026-02-20,245.7035519702241,104.27244433475963,341,0,满200减30
2026-02-21,249.91227286086632,75.17990589069527,315,1,全场8折
2026-02-22,295.1686101896329,84.56959935039194,350,1,限时秒杀
2026-02-23,226.53068199375872,68.15977168014257,910,0,满200减30
2026-02-24,263.29602453507744,140.84505613336285,225,0,满200减30
2026-02-25,295.82115564870486,108.33917947661205,316,0,限时秒杀
2026-02-26,275.0480007028465,90.08514167636399,405,0,全场8折
2026-02-27,297.6662182354272,96.20058036441327,896,0,全场8折
2026-02-28,228.8919899622584,144.72833396118153,284,1,无活动
2026-03-01,275.56948994087804,65.33514031160801,138,1,新品上市
2026-03-02,306.1366976349249,108.62298320167972,322,0,限时秒杀
2026-03-03,351.99831859502075,100.5888678884466,283,0,限时秒杀
2026-03-04,284.80429148309827,111.14542354346477,594,0,限时秒杀
2026-03-05,274.4953446070455,51.81101838208405,526,0,全场8折
2026-03-06,240.46136529864089,137.21239089441514,277,0,新品上市
2026-03-07,240.32160960718173,143.21182824836126,527,1,无活动
2026-03-08,276.74898140623066,106.51331835892088,393,1,满200减30
2026-03-09,310.2919039334406,119.66508238768922,951,0,满200减30
2026-03-10,327.22001866855885,142.24993811772958,250,0,限时秒杀
2026-03-11,223.9773886297902,120.72386343133986,483,0,新品上市
2026-03-12,305.86667334010065,65.25390429142614,737,0,全场8折
2026-03-13,266.71198626786315,107.62883601668132,912,0,新品上市
2026-03-14,259.3686093183842,110.6715046382856,407,1,新品上市
2026-03-15,315.46127484395555,92.4130671302386,435,1,全场8折
2026-03-16,316.4448271259396,123.64442356247228,845,0,限时秒杀
2026-03-17,249.2494331342331,143.43670147690148,991,0,新品上市
2026-03-18,247.76239846034528,142.55685129067763,474,0,满200减30
2026-03-19,297.91442662722994,95.08393714041321,107,0,全场8折
2026-03-20,226.2226870212062,61.323804584075525,440,0,无活动
2026-03-21,312.1036250837251,148.48411989623344,228,1,限时秒杀
2026-03-22,268.57385455060523,133.88980864459342,875,1,全场8折
2026-03-23,216.893341343171,62.46626812032669,768,0,无活动
2026-03-24,207.96882960918177,142.08418826173724,451,0,无活动
2026-03-25,245.49522198364926,136.98963620621282,457,0,新品上市
2026-03-26,261.60438559320085,101.88380571260721,616,0,新品上市
2026-03-27,257.76291732753094,109.12754357449293,594,0,新品上市
2026-03-28,308.7326936770999,89.90027038701302,185,1,全场8折
2026-03-29,265.27724258899536,55.47616388220313,274,1,全场8折
2026-03-30,339.7745167370878,83.51972416459009,901,0,限时秒杀
2026-03-31,238.0500310076622,130.28534485980114,292,0,新品上市
2026-04-01,244.1680393742796,50.46320230046029,410,0,无活动
2026-04-02,248.5884016550806,83.34991716911442,218,0,满200减30
2026-04-03,292.50930754051075,89.81686935909434,317,0,限时秒杀
2026-04-04,276.6612587574847,103.7395602937923,526,1,全场8折
2026-04-05,283.43567817024325,141.98556164127604,513,1,限时秒杀
2026-04-06,330.3920349705181,84.63459943659612,213,0,限时秒杀
2026-04-07,275.0831211686748,84.69532018962278,244,0,限时秒杀
2026-04-08,340.4517666460223,123.75012481097484,637,0,限时秒杀
2026-04-09,259.5735163908746,95.22179408898072,747,0,满200减30
2026-04-10,307.14240661817826,72.4604822939982,402,0,新品上市
2026-04-11,230.59160329637393,95.24395161326933,843,1,无活动
2026-04-12,332.9578961601498,64.08570203797998,980,1,限时秒杀
2026-04-13,326.211943181473,67.63869865062233,687,0,限时秒杀
2026-04-14,323.56090739388645,99.83677727394797,939,0,限时秒杀
2026-04-15,251.04023710395887,91.89254495045479,444,0,新品上市
2026-04-16,266.0847408437139,141.48459010681,913,0,全场8折
2026-04-17,270.8046275530777,86.23938991166331,900,0,全场8折
2026-04-18,297.8312788258904,108.05883502780435,100,1,满200减30
2026-04-19,312.0901916338229,113.22642879195304,246,1,全场8折
2026-04-20,340.19005855534385,51.30944565883336,386,0,限时秒杀
2026-04-21,310.3706704444244,116.35373720167107,753,0,限时秒杀
2026-04-22,348.420307643726,67.80359668697514,152,0,限时秒杀
2026-04-23,235.80680050286009,146.1070317469455,403,0,满200减30
2026-04-24,317.7698934603293,64.8662727753113,168,0,限时秒杀
2026-04-25,261.8143526318154,91.46241237270237,460,1,全场8折
2026-04-26,267.55997863593143,58.534966807864386,701,1,新品上市
2026-04-27,238.6216756720824,149.68742518459473,319,0,新品上市
2026-04-28,190.8997744799931,100.21950103312426,803,0,无活动
2026-04-29,311.8794305359406,109.53850173200438,674,0,全场8折
2026-04-30,310.9863085268322,56.70764773884275,684,0,限时秒杀
2026-05-01,224.66342668992766,124.99604703991778,260,0,新品上市
2026-05-02,264.6921318143112,70.99055930955858,780,1,全场8折
2026-05-03,301.3716090794164,139.80542894407137,188,1,新品上市
2026-05-04,302.6007495340408,70.51396404820072,787,0,限时秒杀
2026-05-05,256.89404113289754,69.06877206636665,880,0,新品上市
2026-05-06,229.36124113619553,53.65496678480949,684,0,无活动
2026-05-07,230.51398408137493,97.20669451099992,856,0,无活动
2026-05-08,241.0053268526505,106.48411332626165,688,0,新品上市
2026-05-09,301.4491496450974,56.57086394283524,258,1,全场8折
2026-05-10,255.50871515694786,127.55276166950105,588,1,全场8折
2026-05-11,252.1494288706256,95.32888347480275,423,0,全场8折
2026-05-12,220.38681193221188,102.439026932758,709,0,新品上市
2026-05-13,259.4755141388273,94.07627469382282,480,0,全场8折
2026-05-14,337.5822120823127,90.0763060875326,201,0,限时秒杀
2026-05-15,246.48843888866705,105.96403313082179,593,0,无活动
2026-05-16,302.79824525341667,65.52402459307125,743,1,限时秒杀
2026-05-17,256.7780493125115,68.1928130495271,713,1,全场8折
2026-05-18,273.42087867943155,136.17856210135173,118,0,限时秒杀
2026-05-19,274.9627701187383,144.61154621336328,553,0,全场8折
2026-05-20,213.27781892888788,87.3309316279753,581,0,新品上市
2026-05-21,330.0988266239155,77.07446731435537,693,0,限时秒杀
2026-05-22,254.28917266601158,114.39995432390158,496,0,新品上市
2026-05-23,231.43187598993373,90.87341710980964,378,1,新品上市
2026-05-24,295.2535656957616,52.538635566034486,950,1,满200减30
2026-05-25,273.1318011700114,65.61525973661904,464,0,全场8折
2026-05-26,200.4191132368299,121.59722288473975,430,0,无活动
2026-05-27,270.0142633340345,115.89239419101514,740,0,全场8折
2026-05-28,217.83436793184194,52.70959925034835,443,0,无活动
2026-05-29,279.59384017261453,72.19721619329495,921,0,全场8折
2026-05-30,235.06860353855632,73.10747965880714,554,1,新品上市
2026-05-31,287.8457290473683,117.18927435987284,700,1,限时秒杀
2026-06-01,295.25373410817224,51.97105377543642,824,0,限时秒杀
2026-06-02,220.80161213992744,60.41085819845738,754,0,满200减30
2026-06-03,235.53254875116312,129.99160853731894,164,0,无活动
2026-06-04,238.92732846645774,67.85446620543337,175,0,无活动
2026-06-05,183.93805288852323,115.27461078518748,810,0,无活动
2026-06-06,232.5148216814329,73.81827810467266,242,1,新品上市
2026-06-07,227.2516112985165,59.94413927593452,927,1,无活动
2026-06-08,271.61296557447736,74.3172190999454,704,0,限时秒杀
2026-06-09,206.82807119686993,122.22669318556592,572,0,新品上市
2026-06-10,248.06027291498845,135.56964681062857,516,0,全场8折
2026-06-11,209.07884960922647,133.02198645669915,404,0,无活动
2026-06-12,183.89640611627482,89.71835296184548,835,0,无活动
2026-06-13,238.82115863810486,116.80851365706462,596,1,全场8折
2026-06-14,196.70654302678219,70.4984295415821,390,1,无活动
2026-06-15,251.28341607407384,79.31477302610134,201,0,全场8折
2026-06-16,220.5847880465175,139.63358185211197,366,0,新品上市
2026-06-17,278.48966905983934,51.300192351073605,966,0,限时秒杀
2026-06-18,263.0306354643123,58.5508530854468,721,0,全场8折
2026-06-19,212.3053826503209,70.78862551460273,941,0,满200减30
2026-06-20,268.7173256970802,52.65322038738197,876,1,全场8折
2026-06-21,173.07813216990715,68.14354350897973,102,1,无活动
2026-06-22,215.0020074084062,108.30415609696922,184,0,新品上市
2026-06-23,204.6526318436988,92.1424550592498,893,0,新品上市
2026-06-24,238.2535540467106,139.2671711076975,427,0,全场8折
2026-06-25,281.19083005872005,131.7443561738441,915,0,限时秒杀
2026-06-26,210.7502516882379,84.1817351697876,549,0,满200减30
2026-06-27,185.57338338046335,75.94234334312925,553,1,新品上市
2026-06-28,213.8922443635417,87.96924081672668,728,1,无活动
2026-06-29,221.90176979574318,109.02949425148077,320,0,无活动
2026-06-30,300.1731234729505,76.80636408228763,253,0,限时秒杀
2026-07-01,236.36481975480623,112.41489078491341,764,0,新品上市
2026-07-02,201.17782092449744,90.94116521912404,111,0,全场8折
2026-07-03,213.57433137449345,105.20471808519802,232,0,无活动
2026-07-04,282.29903300957034,93.61265291353166,403,1,限时秒杀
2026-07-05,190.5009814619176,79.44657595419177,392,1,新品上市
2026-07-06,213.490560117807,144.84533069621568,399,0,新品上市
2026-07-07,235.52785481167703,126.36057941597608,839,0,新品上市
2026-07-08,209.21644499508335,64.01131757664525,882,0,新品上市
2026-07-09,211.23142090403573,136.84679758979127,142,0,新品上市
2026-07-10,200.078165984281,98.74311982495136,442,0,无活动
2026-07-11,244.1539119515926,139.45522268940914,425,1,限时秒杀
2026-07-12,224.4080946548309,129.98552559473154,913,1,新品上市
2026-07-13,208.04615299548047,92.52135044692335,597,0,满200减30
2026-07-14,183.67566273742716,52.24693083201174,463,0,满200减30
2026-07-15,262.6511776507393,76.8677359384946,990,0,限时秒杀
2026-07-16,199.669078454163,104.16342146608669,526,0,全场8折
2026-07-17,243.9664320019476,113.34782198261473,120,0,全场8折
2026-07-18,234.3933952800902,75.78876854332023,506,1,全场8折
2026-07-19,220.51419941381806,63.93560740728241,718,1,满200减30
2026-07-20,262.2911389597954,133.4930236799299,435,0,全场8折
2026-07-21,163.65780236621197,148.44021807035523,914,0,无活动
2026-07-22,202.32007501434433,102.56901823026858,216,0,新品上市
2026-07-23,235.5855170122831,67.16792858483035,223,0,满200减30
2026-07-24,261.24120966934936,77.2307326519369,498,0,限时秒杀
2026-07-25,232.6939971699583,51.83906765474667,892,1,限时秒杀
2026-07-26,225.23883563545274,141.4298806560499,903,1,新品上市
2026-07-27,229.74378029478046,61.77510828901411,814,0,满200减30
2026-07-28,231.0728224337248,107.65164755142536,150,0,全场8折
2026-07-29,228.9424725321683,77.4055220687206,882,0,全场8折
2026-07-30,161.07534222948914,105.41780025157934,423,0,无活动
2026-07-31,171.52464725896542,115.14203883518643,888,0,无活动
2026-08-01,240.53293672481004,132.97418037072015,240,1,全场8折
2026-08-02,257.1689993413356,70.64212717606031,569,1,限时秒杀
2026-08-03,203.56236974528824,51.09958286584805,886,0,限时秒杀
2026-08-04,184.21224646472564,63.68856300688073,901,0,无活动
2026-08-05,179.05286552875015,140.00186418481053,433,0,新品上市
2026-08-06,209.8410531712703,137.38900775625154,992,0,全场8折
2026-08-07,172.79397622358377,109.74131021703083,472,0,无活动
2026-08-08,197.87111370566288,110.05168604336534,663,1,无活动
2026-08-09,210.63454937172517,116.50366745462554,593,1,全场8折
2026-08-10,210.03352820036832,67.53712786234496,638,0,全场8折
2026-08-11,264.2969058911748,141.44119459249598,768,0,限时秒杀
2026-08-12,160.60984339647706,91.8770524892073,850,0,新品上市
2026-08-13,170.17888273920062,88.31385282494975,255,0,新品上市
2026-08-14,209.30902067611257,101.89177052828376,390,0,全场8折
2026-08-15,250.75224736766495,54.696596677505504,747,1,满200减30
2026-08-16,153.67895003622203,66.62833687560794,243,1,无活动
2026-08-17,176.33302399629704,123.80336164263704,205,0,无活动
2026-08-18,232.16817255066962,58.27986679251265,519,0,全场8折
2026-08-19,189.76536045363542,110.31521094663881,769,0,满200减30
2026-08-20,246.12576275595296,74.5349109681321,757,0,限时秒杀
2026-08-21,211.4125180949641,88.92956140419766,101,0,全场8折
2026-08-22,205.9845676946478,78.86937367706999,688,1,全场8折
2026-08-23,178.2653587998493,85.56727164649492,743,1,无活动
